filename,width,height,class,xmin,ymin,xmax,ymax
CACHICAMO1.jpg,480,281,cachicamo,28,74,466,259
CACHICAMO10.jpg,480,480,cachicamo,38,18,464,430
CACHICAMO11.jpg,480,360,cachicamo,51,16,383,347
CACHICAMO12.jpg,480,361,cachicamo,112,32,477,307
CACHICAMO13.jpg,480,360,cachicamo,1,94,196,358
CACHICAMO13.jpg,480,360,cachicamo,204,97,390,335
CACHICAMO13.jpg,480,360,cachicamo,366,60,480,298
CACHICAMO14.jpg,480,360,cachicamo,14,75,480,298
CACHICAMO15.jpg,480,474,cachicamo,98,84,451,330
CACHICAMO16.jpg,480,272,cachicamo,27,36,476,207
CACHICAMO17.jpg,480,480,cachicamo,8,109,474,377
CACHICAMO18.jpg,480,414,cachicamo,1,58,475,407
CACHICAMO19.jpg,480,289,cachicamo,1,1,266,251
CACHICAMO2.jpg,480,360,cachicamo,37,36,452,310
CACHICAMO20.jpg,480,437,cachicamo,22,32,471,405
CACHICAMO3.jpg,480,319,cachicamo,16,49,456,292
CACHICAMO4.jpg,480,252,cachicamo,5,10,451,250
CACHICAMO5.jpg,480,360,cachicamo,22,83,442,295
CACHICAMO6.jpg,480,337,cachicamo,5,1,235,161
CACHICAMO6.jpg,480,337,cachicamo,275,6,470,154
CACHICAMO6.jpg,480,337,cachicamo,7,174,233,332
CACHICAMO6.jpg,480,337,cachicamo,259,172,465,337
CACHICAMO7.jpg,480,279,cachicamo,23,19,436,247
CACHICAMO9.jpg,480,293,cachicamo,37,43,449,285
CACHICAMO8.jpg,480,240,cachicamo,48,13,477,233
CHIGUIRO1.jpg,480,319,chiguiro,62,26,457,302
CHIGUIRO10.jpg,480,345,chiguiro,41,75,221,249
CHIGUIRO10.jpg,480,345,chiguiro,222,76,465,271
CHIGUIRO12.jpg,480,270,chiguiro,96,29,480,264
CHIGUIRO12.jpg,480,270,chiguiro,32,171,205,265
CHIGUIRO11.jpg,480,269,chiguiro,40,33,172,156
CHIGUIRO11.jpg,480,269,chiguiro,174,59,462,268
CHIGUIRO11.jpg,480,269,chiguiro,74,159,307,269
CHIGUIRO14.jpg,480,320,chiguiro,178,59,470,319
CHIGUIRO13.jpg,480,347,chiguiro,85,67,341,303
CHIGUIRO13.jpg,480,347,chiguiro,279,99,468,302
CHIGUIRO16.jpg,480,640,chiguiro,141,42,480,590
CHIGUIRO16.jpg,480,640,chiguiro,3,321,215,617
CHIGUIRO15.jpg,480,320,chiguiro,62,20,263,314
CHIGUIRO15.jpg,480,320,chiguiro,215,53,366,292
CHIGUIRO18.jpg,480,639,chiguiro,50,4,480,392
CHIGUIRO18.jpg,480,639,chiguiro,19,274,480,630
CHIGUIRO17.jpg,480,353,chiguiro,102,155,277,353
CHIGUIRO17.jpg,480,353,chiguiro,266,173,447,348
CHIGUIRO2.jpg,480,480,chiguiro,1,17,474,448
CHIGUIRO19.jpg,480,350,chiguiro,49,100,328,298
CHIGUIRO19.jpg,480,350,chiguiro,189,74,393,238
CHIGUIRO19.jpg,480,350,chiguiro,288,19,456,177
CHIGUIRO6.jpg,480,360,chiguiro,48,20,460,342
CHIGUIRO5.jpg,480,353,chiguiro,63,35,452,353
CHIGUIRO4.jpg,480,320,chiguiro,81,21,457,297
CHIGUIRO3.jpg,480,352,chiguiro,10,11,478,338
CHIGUIRO20.jpg,480,360,chiguiro,73,47,461,360
VENADO1.jpg,480,319,venado,53,2,428,309
CHIGUIRO9.jpg,480,384,chiguiro,33,14,478,347
CHIGUIRO8.jpg,480,320,chiguiro,29,10,477,319
CHIGUIRO7.jpg,480,360,chiguiro,29,7,450,336
VENADO11.jpg,480,267,venado,15,64,464,267
VENADO11.jpg,480,267,venado,20,1,169,214
VENADO10.jpg,480,319,venado,90,79,282,317
VENADO10.jpg,480,319,venado,238,7,450,316
VENADO17.jpg,480,360,venado,89,2,312,240
VENADO17.jpg,480,360,venado,1,28,255,359
VENADO17.jpg,480,360,venado,250,29,480,350
VENADO16.jpg,480,721,venado,21,68,441,600
VENADO15.jpg,480,418,venado,33,42,428,417
VENADO14.jpg,480,435,venado,25,22,479,391
VENADO13.jpg,480,319,venado,35,11,462,319
VENADO12.jpg,480,296,venado,59,4,422,296
VENADO3.jpg,480,398,venado,73,1,461,398
VENADO20.jpg,480,317,venado,77,3,381,299
VENADO2.jpg,480,525,venado,42,18,435,490
VENADO19.jpg,480,720,venado,56,71,459,673
VENADO18.jpg,480,360,venado,56,4,480,353
VENADO8.jpg,480,319,venado,14,2,471,310
VENADO7.jpg,480,320,venado,29,1,480,305
VENADO6.jpg,480,320,venado,25,4,480,316
VENADO4.jpg,480,384,venado,36,16,317,369
VENADO4.jpg,480,384,venado,303,51,478,330
VENADO5.jpg,480,366,venado,55,5,449,338
VENADO9.jpg,480,360,venado,42,4,432,348
