filename,width,height,class,xmin,ymin,xmax,ymax
PRACTICE10.jpg,450,450,venado,45,41,418,404
PRACTICE1.jpg,258,200,chiguiro,11,2,258,197
PRACTICE11.jpg,1500,1194,cachicamo,106,79,1414,1043
PRACTICE13.jpg,218,232,cachicamo,17,20,207,195
PRACTICE12.jpg,800,710,cachicamo,3,13,786,676
PRACTICE2.jpg,188,269,chiguiro,11,5,186,264
PRACTICE15.jpg,1300,957,cachicamo,41,109,1240,750
PRACTICE14.jpg,225,225,cachicamo,7,32,219,198
PRACTICE4.jpg,728,512,chiguiro,178,5,599,505
PRACTICE3.jpg,626,461,chiguiro,2,1,621,447
PRACTICE6.jpg,450,450,venado,22,8,431,441
PRACTICE5.jpg,728,467,chiguiro,26,23,715,467
PRACTICE7.jpg,415,470,venado,2,1,415,456
PRACTICE9.jpg,450,470,venado,59,12,394,444
PRACTICE8.jpg,310,376,venado,3,5,304,376
